{"cameraMode":{"drawMode":0,"name":"Shaded","section":"Shading Mode"},"sceneLighting":false,"audioPlay":false,"sceneViewState":{"m_AlwaysRefresh":false,"showFog":false,"showSkybox":false,"showFlares":false,"showImageEffects":false,"showParticleSystems":false,"showVisualEffectGraphs":true,"m_FxEnabled":true},"in2DMode":false,"pivot":{"x":-0.017478004097938539,"y":0.11451396346092224,"z":-1.3736097812652588},"rotation":{"x":-0.09166865050792694,"y":-0.8984158635139465,"z":0.22698016464710236,"w":-0.3657279908657074},"size":2.9968056678771974,"orthographic":false}