{"cameraMode":{"drawMode":0,"name":"Shaded","section":"Shading Mode"},"sceneLighting":false,"audioPlay":false,"sceneViewState":{"m_AlwaysRefresh":false,"showFog":false,"showSkybox":false,"showFlares":false,"showImageEffects":false,"showParticleSystems":false,"showVisualEffectGraphs":true,"m_FxEnabled":true},"in2DMode":false,"pivot":{"x":0.02156996726989746,"y":3.0789427757263185,"z":-0.056857556104660037},"rotation":{"x":-0.01627877727150917,"y":-0.9826613664627075,"z":0.15100091695785523,"w":-0.11025045067071915},"size":3.995741367340088,"orthographic":false}